{"info":{"type":"events-multiframe","basedon":null},"data":{"39330":{"whitepollen":{"ID":"whitepollen","time":1966.5,"frame":39330,"x":1915.9235668789809,"y":264.9681859936201,"cx":1997.4522292993631,"cy":346.4968484140023,"width":163.05732484076432,"height":163.05732484076432,"marked":false,"permanent":false,"angle":169.31107192460732,"bool_acts":[false,false,false,false],"notes":"","labels":""}}}}