{"info":{"type":"events-multiframe","basedon":null},"data":{"0":{"0":{"ID":0,"time":0,"frame":0,"x":701.0268948655256,"y":550.8068459657701,"cx":0,"cy":0,"width":250.36674816625916,"height":250.36674816625916,"marked":false,"permanent":false,"angle":0,"bool_acts":[false,false,false,false],"notes":"","labels":""},"2":{"ID":"2","time":0,"frame":0,"x":1433.3496332518337,"y":181.51589242053788,"cx":0,"cy":0,"width":250.36674816625916,"height":250.36674816625916,"marked":false,"permanent":false,"angle":0,"bool_acts":[false,false,false,false],"notes":"","labels":""}},"2":{"0":{"ID":0,"time":0.1,"frame":2,"x":1706.6666666666667,"y":775.7575757575758,"cx":0,"cy":0,"width":344.7811447811448,"height":344.7811447811448,"marked":false,"permanent":false,"angle":0,"bool_acts":[false,false,false,false],"notes":"","labels":""},"2":{"ID":"2","time":0.1,"frame":2,"x":1422.2222222222222,"y":146.53198653198652,"cx":0,"cy":0,"width":344.7811447811448,"height":344.7811447811448,"marked":false,"permanent":false,"angle":0,"bool_acts":[false,false,false,false],"notes":"","labels":""}}}}